activity_path,activity_date,sport,sub_sport,elapsed_seconds,elapsed_time_hhmmss,distance,cum_elevation_gain,road_distance,road_cum_elevation_gain,trail_distance,trail_cum_elevation_gain,avg_pace,avg_hr,avg_cadence,avg_power,start_lat,start_long
data/parquet_run_activities/2024-12-20-14-47-54.parquet,2024-12-20 22:47:54,running,trail,6429.0,1:47:09,11609.04,462.4000000000002,0.0,0.0,11609.04,462.4000000000002,9.22987602764742,160.349766718507,51.09937791601866,228.30357698289268,38.24852116405964,-122.13272209279239
data/parquet_run_activities/2024-12-30-14-40-32.parquet,2024-12-30 22:40:32,running,generic,1941.0,0:32:21,5249.27,68.80000000000075,5249.27,68.80000000000075,0.0,0.0,6.162761679243019,149.57260556127704,81.97270854788877,346.3681771369722,38.30243809148669,-121.97124992497265
data/parquet_run_activities/2025-01-01-13-38-04.parquet,2025-01-01 21:38:04,running,trail,5223.0,1:27:03,2125.1,156.60000000000093,0.0,0.0,2125.1,156.60000000000093,40.962778222201315,101.08594946401224,11.160030627871363,28.032542113323125,,
data/parquet_run_activities/2025-01-02-14-42-38.parquet,2025-01-02 22:42:38,running,trail,4698.0,1:18:18,10725.48,353.9999999999993,0.0,0.0,10725.48,353.9999999999993,7.3003725707380935,177.81123643328368,74.68163439029581,309.50798042136626,38.34365341812372,-122.00301792472601
data/parquet_run_activities/2025-01-03-11-31-53.parquet,2025-01-03 19:31:53,running,generic,3321.0,0:55:21,8314.35,72.79999999999961,8314.35,72.79999999999961,0.0,0.0,6.6571650219199325,159.86333534015654,79.17639975918122,308.89012642986154,38.30241017974913,-121.97130809538066
data/parquet_run_activities/2025-01-06-11-31-30.parquet,2025-01-06 19:31:30,running,generic,5510.0,1:31:50,14933.28,137.0000000000008,14933.28,137.0000000000008,0.0,0.0,6.149575534198336,171.11159499183452,78.98766104155325,345.0061694792234,38.30244328826666,-121.97124673984945
data/parquet_run_activities/2025-01-09-15-25-47.parquet,2025-01-09 23:25:47,running,trail,4601.0,1:16:41,10533.16,393.0000000000015,0.0,0.0,10533.16,393.0000000000015,7.280183091620495,165.8928726640591,68.13124728378966,291.0269448066058,38.34360689856112,-122.00308321975172
data/parquet_run_activities/2025-01-14-18-12-26.parquet,2025-01-15 02:12:26,running,trail,3905.0,1:05:04,9018.84,284.20000000000016,0.0,0.0,9018.84,284.20000000000016,7.216375202723778,157.51868919610854,66.0657962109575,310.5253456221198,37.97425699420273,-122.56281036883593
data/parquet_run_activities/2025-01-19-09-06-36.parquet,2025-01-19 17:06:36,running,trail,4955.0,1:22:35,11064.16,336.1999999999999,0.0,0.0,11064.16,336.1999999999999,7.464040047625245,153.43099273607749,67.27542372881356,294.79297820823246,37.881234381347895,-122.52458947710693
data/parquet_run_activities/2025-02-14-17-06-06.parquet,2025-02-15 01:06:06,running,generic,3473.0,0:57:53,10061.49,102.99999999999966,10061.49,102.99999999999966,0.0,0.0,5.75295839217982,178.8999711732488,81.5246468722975,370.8771626297578,38.30245368182659,-121.97125235572457
data/parquet_run_activities/2025-02-15-10-34-36.parquet,2025-02-15 18:34:36,running,generic,1652.0,0:27:32,3285.96,34.600000000000136,3285.96,34.600000000000136,0.0,0.0,8.379083535202295,136.34119782214157,71.81790683605566,241.40048396854203,38.3024050667882,-121.97128009982407
data/parquet_run_activities/2025-02-16-09-10-22.parquet,2025-02-16 17:10:22,running,trail,5742.0,1:35:42,11114.57,342.79999999999995,0.0,0.0,11114.57,342.79999999999995,8.610319607506183,163.41615880201985,62.366184920773115,235.2380289047536,37.88124636746943,-122.52459819428623
data/parquet_run_activities/2025-02-19-18-03-09.parquet,2025-02-20 02:03:09,running,generic,3509.0,0:58:29,8952.2,96.19999999999936,8952.2,96.19999999999936,0.0,0.0,6.5328448128206835,154.46210826210827,75.04900284900285,313.0159544159544,38.302408922463655,-121.971285212785
data/parquet_run_activities/2025-02-24-16-56-29.parquet,2025-02-25 00:56:29,running,generic,1580.0,0:26:20,4281.85,62.600000000000136,4281.85,62.600000000000136,0.0,0.0,6.149989685143882,152.81530676786844,75.12650221378874,333.5123339658444,38.30253666266799,-121.97125319391489
data/parquet_run_activities/2025-02-25-18-15-37.parquet,2025-02-26 02:15:37,running,trail,4711.0,1:18:31,11499.94,279.19999999999936,0.0,0.0,11499.94,279.19999999999936,6.827571853998078,170.17550933786077,75.50127334465195,325.669142614601,37.97424618154764,-122.56285110488534
data/parquet_run_activities/2025-03-01-07-25-02.parquet,2025-03-01 15:25:02,running,generic,4598.0,1:16:38,12885.74,120.80000000000166,12885.74,120.80000000000166,0.0,0.0,5.9471426036326465,168.35072841922158,80.51293759512937,347.9982604914112,38.338439874351025,-121.97288665920496
data/parquet_run_activities/2025-03-03-16-55-48.parquet,2025-03-04 00:55:48,running,trail,6605.0,1:50:05,13512.16,186.3999999999993,0.0,0.0,13512.16,186.3999999999993,8.146982668450738,123.50196790796245,66.85043899485316,236.293672419013,38.34374419413507,-122.00280686840415
data/parquet_run_activities/2025-03-06-14-04-22.parquet,2025-03-06 22:04:22,running,generic,5734.0,1:35:34,12875.72,472.3999999999995,12875.72,472.3999999999995,0.0,0.0,7.4222386528028474,162.4826503923278,70.97750653879686,294.1682650392328,38.37616170756519,-122.02561712823808
data/parquet_run_activities/2025-03-07-16-49-13.parquet,2025-03-08 00:49:13,running,trail,5006.0,1:23:26,8296.37,632.7999999999995,0.0,0.0,8296.37,632.7999999999995,10.0566070863924,165.54643499101257,59.10764929099261,230.57060115837828,38.34353498183191,-122.00330827385187
data/parquet_run_activities/2025-03-11-18-12-02.parquet,2025-03-12 01:12:02,running,trail,4296.0,1:11:36,9868.36,322.1999999999997,0.0,0.0,9868.36,322.1999999999997,7.255511554098147,163.61345124505468,67.13521061205492,308.9094717244589,37.97425841912627,-122.5628721434623
data/parquet_run_activities/2025-03-14-07-04-43.parquet,2025-03-14 14:04:43,running,trail,8175.0,2:16:15,16979.69,751.6000000000003,0.0,0.0,16979.69,751.6000000000003,8.024292551866377,147.80907534246575,66.2902397260274,277.1442025440313,38.37616824544966,-122.02562928199768
data/parquet_run_activities/2025-03-17-15-03-39.parquet,2025-03-17 22:03:39,running,trail,3425.0,0:57:05,8881.25,374.1999999999998,0.0,0.0,8881.25,374.1999999999998,6.427398545625146,170.9197314652656,73.81611208406305,342.27028604786926,38.343521654605865,-122.00324800796807
data/parquet_run_activities/2025-03-18-18-11-12.parquet,2025-03-19 01:11:12,running,trail,2731.0,0:45:31,5775.53,240.59999999999945,0.0,0.0,5775.53,240.59999999999945,7.880950608284723,156.02818448023427,67.3327232796486,292.14128843338216,37.974244337528944,-122.56304028443992
data/parquet_run_activities/2025-03-21-12-47-38.parquet,2025-03-21 19:47:38,running,trail,14071.0,3:54:31,28471.48,585.1999999999991,0.0,0.0,28471.48,585.1999999999991,8.236897648687973,156.64034963047186,66.65861284820922,240.76293348493462,,
data/parquet_run_activities/2025-03-22-10-14-59.parquet,2025-03-22 17:14:59,running,trail,6486.0,1:48:06,9029.01,370.6000000000005,0.0,0.0,9029.01,370.6000000000005,11.972519689312563,116.68614151379683,49.543394481270234,151.49545244334823,38.344394294545054,-122.00122696347535
data/parquet_run_activities/2025-03-24-15-43-42.parquet,2025-03-24 22:43:42,running,generic,4502.0,1:15:02,10102.28,125.79999999999995,10102.28,125.79999999999995,0.0,0.0,7.427366231517373,156.7610481900955,77.76793248945148,287.2371752165223,38.30245250836015,-121.97130809538066
data/parquet_run_activities/2025-03-25-18-13-02.parquet,2025-03-26 01:13:02,running,trail,4538.0,1:15:38,9832.81,225.00000000000034,0.0,0.0,9832.81,225.00000000000034,7.691934791105832,160.42652566644637,69.93654990085922,279.523022692223,37.974286414682865,-122.56289049983025
data/parquet_run_activities/2025-03-27-08-46-53.parquet,2025-03-27 15:46:53,running,generic,5086.0,1:24:46,12313.84,186.00000000000023,12313.84,186.00000000000023,0.0,0.0,6.883853182002256,160.25339099665814,79.84312954590132,315.4031845881659,38.30241839401424,-121.97129862383008
data/parquet_run_activities/2025-03-28-13-10-48.parquet,2025-03-28 20:10:48,running,trail,3420.0,0:57:00,8659.17,346.2000000000006,0.0,0.0,8659.17,346.2000000000006,6.582617040663251,167.3835135925168,75.75270388775212,337.62028646594564,38.34355124272406,-122.00329201295972
data/parquet_run_activities/2025-04-01-18-16-43.parquet,2025-04-02 01:16:43,running,trail,4401.0,1:13:21,9387.58,344.99999999999943,0.0,0.0,9387.58,344.99999999999943,7.813515304263718,153.3632439800091,61.720354384370744,285.0956383462063,37.97430912964046,-122.5628961995244
data/parquet_run_activities/2025-04-03-16-43-49.parquet,2025-04-03 23:43:49,running,trail,2972.0,0:49:32,6451.99,343.4,0.0,0.0,6451.99,343.4,7.677217933278467,161.90413723511605,67.69761183989236,292.2936427850656,38.3435576967895,-122.00332344509661
data/parquet_run_activities/2025-04-04-11-47-50.parquet,2025-04-04 18:47:50,running,generic,3535.0,0:58:55,10064.91,113.39999999999918,10064.91,113.39999999999918,0.0,0.0,5.8536704915063,163.98501131221718,82.31306561085972,361.3772624434389,38.302367851138115,-121.97132251225412
data/parquet_run_activities/2025-04-08-16-07-53.parquet,2025-04-08 23:07:53,running,generic,2418.0,0:40:18,5286.27,64.80000000000007,5286.27,64.80000000000007,0.0,0.0,7.623522824221992,148.60562215791649,64.9570070276974,273.7337742868954,38.30238243564963,-121.97135369293392
data/parquet_run_activities/2025-04-09-18-58-32.parquet,2025-04-10 01:58:32,running,generic,4565.0,1:16:05,11989.89,110.39999999999952,11989.89,110.39999999999952,0.0,0.0,6.345623965969107,160.6060008760403,79.58234778799824,329.2757336837495,38.28632690012455,-121.96857861243188
data/parquet_run_activities/2025-04-11-15-35-59.parquet,2025-04-11 22:35:59,running,trail,3030.0,0:50:30,5279.72,388.40000000000055,0.0,0.0,5279.72,388.40000000000055,9.564901169001386,159.996,60.25833333333333,233.16605535178394,38.343664314597845,-122.00307031162083
data/parquet_run_activities/2025-04-12-06-07-11.parquet,2025-04-12 13:07:11,running,generic,2902.0,0:48:22,8928.86,98.59999999999923,8928.86,98.59999999999923,0.0,0.0,5.41689159273039,166.5638994143989,85.06717189114708,386.21253875301414,38.34358929656446,-122.0032618381083
data/parquet_run_activities/2025-04-14-16-51-15.parquet,2025-04-14 23:51:15,running,generic,3290.0,0:54:50,8081.43,98.20000000000073,8081.43,98.20000000000073,0.0,0.0,6.785102801525636,158.26709206927984,79.53053783044668,312.1321786690975,38.30248913727701,-121.97131086140871
data/parquet_run_activities/2025-04-15-18-14-29.parquet,2025-04-16 01:14:29,running,trail,3955.0,1:05:55,9820.99,321.4,0.0,0.0,9820.99,321.4,6.711814864557104,162.72244691607685,71.08316481294237,332.84555106167846,37.97427342273295,-122.56286828778684
data/parquet_run_activities/2025-04-18-12-15-25.parquet,2025-04-18 19:15:25,running,trail,7626.0,2:07:05,16275.01,620.4000000000016,0.0,0.0,16275.01,620.4000000000016,7.809519011048225,162.40933525632622,66.16467811721516,268.39071718893405,38.34350815974176,-122.00335227884352
data/parquet_run_activities/2025-04-20-09-11-36.parquet,2025-04-20 16:11:36,running,trail,5132.0,1:25:32,11022.19,334.2,0.0,0.0,11022.19,334.2,7.760103330947238,151.19520748100527,66.00175336060784,279.14747710890316,37.88122138939798,-122.52456743270159
data/parquet_run_activities/2025-04-20-14-12-44.parquet,2025-04-20 21:12:44,running,trail,12279.0,3:24:39,24043.47,547.8000000000002,0.0,0.0,24043.47,547.8000000000002,8.511666577245295,149.078338762215,68.32043973941369,242.82133550488598,,
data/parquet_run_activities/2025-04-22-16-12-56.parquet,2025-04-22 23:12:56,running,trail,6662.0,1:51:02,11140.92,881.1999999999994,0.0,0.0,11140.92,881.1999999999994,9.966262510935662,155.74125769173045,58.30796938316074,229.69593276301967,38.34347697906196,-122.00349602848291
data/parquet_run_activities/2025-04-23-16-31-44.parquet,2025-04-23 23:31:44,running,trail,10391.0,2:53:11,24588.54,515.6000000000004,0.0,0.0,24588.54,515.6000000000004,7.043254025384725,147.99971131639722,77.17215165511932,305.55225173210164,38.302412861958146,-121.97130063548684
data/parquet_run_activities/2025-04-24-18-23-51.parquet,2025-04-25 00:23:51,running,generic,11246.0,3:07:26,16133.9,175.00000000000387,16133.9,175.00000000000387,0.0,0.0,11.617360547253506,145.69752391671355,76.80430500844119,285.76878694061355,,
data/parquet_run_activities/2025-04-25-11-54-40.parquet,2025-04-25 17:54:40,running,generic,8373.0,2:19:33,8888.06,101.19999999999754,8888.06,101.19999999999754,0.0,0.0,15.700839103246377,132.13493816254416,66.60468197879858,227.7129916040654,43.62185502424836,-116.50475112721324
data/parquet_run_activities/2025-04-26-20-15-24.parquet,2025-04-27 02:15:24,running,generic,3568.0,0:59:28,8893.24,110.59999999999991,8893.24,110.59999999999991,0.0,0.0,6.686726847208291,145.59064163631268,79.76940319417204,311.6385542168675,43.621811186894774,-116.50468876585364
data/parquet_run_activities/2025-04-29-14-55-37.parquet,2025-04-29 20:55:37,running,trail,4304.0,1:11:44,7357.58,115.20000000000209,0.0,0.0,7357.58,115.20000000000209,9.749582516715188,121.3711962833914,57.51312427409989,194.4734030197445,43.62188268452883,-116.5045544039458
data/parquet_run_activities/2025-04-30-08-27-21.parquet,2025-04-30 14:27:21,running,generic,4878.0,1:21:18,8504.35,103.20000000000005,8504.35,103.20000000000005,0.0,0.0,9.559813507205135,119.64956723664767,60.17648300612202,190.84607263513513,43.62186877056956,-116.5047322679311
data/parquet_run_activities/2025-05-01-19-44-52.parquet,2025-05-02 01:44:52,running,trail,5806.0,1:36:46,10773.96,102.40000000000214,0.0,0.0,10773.96,102.40000000000214,8.981532014845673,121.93404511796108,63.19028758395041,197.6807301532633,43.62184680998325,-116.50474140420556
data/parquet_run_activities/2025-05-05-16-09-30.parquet,2025-05-05 23:09:30,running,generic,3963.0,1:06:03,10118.27,194.20000000000152,10118.27,194.20000000000152,0.0,0.0,6.52779575955178,168.70963673057517,80.08501513622603,332.33577194752775,,
data/parquet_run_activities/2025-05-12-14-09-47.parquet,2025-05-12 21:09:47,running,trail,3335.0,0:55:35,8875.63,365.39999999999986,0.0,0.0,8875.63,365.39999999999986,6.26246625122198,178.50359712230215,75.23681055155875,354.0779376498801,38.34347555413842,-122.00348789803684
data/parquet_run_activities/2025-05-13-15-56-51.parquet,2025-05-13 22:56:51,running,trail,3798.0,1:03:18,8885.86,344.19999999999993,0.0,0.0,8885.86,344.19999999999993,7.123677393071688,164.93182416425375,70.71360884443274,304.6393787838905,,
data/parquet_run_activities/2025-05-14-10-10-26.parquet,2025-05-14 17:10:26,running,generic,3934.0,1:05:34,10174.03,134.60000000000093,10174.03,134.60000000000093,0.0,0.0,6.444512810230231,161.7158831003812,80.30343074968233,331.1158831003812,38.302416717633605,-121.97127624414861
data/parquet_run_activities/2025-06-15-07-34-34.parquet,2025-06-15 14:34:34,running,trail,9518.0,2:38:38,9227.06,314.4,0.0,0.0,9227.06,314.4,17.19218617125426,144.19160545645332,61.04386149003148,226.98845265588915,37.88017423823476,-122.51733091659844
data/parquet_run_activities/2025-06-17-16-15-08.parquet,2025-06-17 23:15:08,running,trail,5480.0,1:31:20,9322.6,465.79999999999893,0.0,0.0,9322.6,465.79999999999893,9.79698081364998,166.99945265462506,57.32877212187557,200.33844189016602,38.34346407093108,-122.00344271957874
data/parquet_run_activities/2025-06-30-15-07-06.parquet,2025-06-30 22:07:06,running,trail,4657.0,1:17:37,9027.47,467.7999999999995,0.0,0.0,9027.47,467.7999999999995,8.597831581458223,169.6502790897381,59.42550450837269,231.76663804207814,38.34345384500921,-122.00341740623116
data/parquet_run_activities/2025-07-02-18-02-58.parquet,2025-07-03 01:02:58,running,trail,4854.0,1:20:54,9951.63,505.99999999999943,0.0,0.0,9951.63,505.99999999999943,8.12932152823206,169.95303810504635,63.57425334706488,261.0352214212152,38.34473066031933,-121.99892261065543
data/parquet_run_activities/2025-07-03-14-51-47.parquet,2025-07-03 21:51:47,running,trail,4421.0,1:13:41,8970.59,555.6000000000008,0.0,0.0,8970.59,555.6000000000008,8.21387816557588,167.79398462234283,65.62596110357305,265.75463591135235,38.34349776618183,-122.00351840816438
data/parquet_run_activities/2025-07-05-18-36-18.parquet,2025-07-06 01:36:18,running,trail,3905.0,1:05:04,8946.89,431.4,0.0,0.0,8946.89,431.4,7.274408574748692,168.17068170169145,70.38006150691953,305.15560112791593,38.34356892853975,-122.00316335074604
data/parquet_run_activities/2025-07-08-18-09-19.parquet,2025-07-09 01:09:19,running,trail,3927.0,1:05:27,9977.73,275.4000000000001,0.0,0.0,9977.73,275.4000000000001,6.559608247567333,170.62118126272912,70.42413441955193,335.7253054989817,37.97424232587218,-122.56284565664828
data/parquet_run_activities/2025-07-09-13-38-12.parquet,2025-07-09 20:38:12,running,trail,18226.0,5:03:46,26811.76,827.1999999999982,0.0,0.0,26811.76,827.1999999999982,11.32960561584419,141.9886254212807,57.77846653827636,180.72211856755945,38.30243666656315,-121.97127766907215
data/parquet_run_activities/2025-07-11-14-01-30.parquet,2025-07-11 21:01:30,running,trail,8838.0,2:27:18,14422.21,540.199999999998,0.0,0.0,14422.21,540.199999999998,10.213413894264471,153.7224562747351,64.4325290437891,225.71085568326947,38.30252300016582,-121.97121581062675
data/parquet_run_activities/2025-07-14-18-33-25.parquet,2025-07-15 01:33:25,running,trail,6780.0,1:53:00,9791.91,664.1999999999994,0.0,0.0,9791.91,664.1999999999994,11.540138747190284,148.19274443297448,52.28122695767586,159.73086565403332,38.33253398537636,-122.00943142175674
data/parquet_run_activities/2025-07-27-17-32-25.parquet,2025-07-28 00:32:25,running,trail,7736.0,2:08:56,16790.55,523.9999999999994,0.0,0.0,16790.55,523.9999999999994,7.678922568547983,164.16169057774331,64.87682564301409,266.8786351298953,45.49045382067561,-122.49728232622147
data/parquet_run_activities/2025-08-02-11-33-04.parquet,2025-08-02 18:33:04,running,trail,3499.0,0:58:19,4879.89,188.8000000000003,0.0,0.0,4879.89,188.8000000000003,11.950405985927278,142.00685714285714,49.20314285714286,136.28657142857142,38.27891444787383,-122.2495871130377
data/parquet_run_activities/2025-08-02-12-31-59.parquet,2025-08-02 19:31:59,running,trail,5919.0,1:38:39,6527.79,368.79999999999916,0.0,0.0,6527.79,368.79999999999916,15.11231213013899,141.7108108108108,46.525844594594595,123.81013513513514,38.2753724232316,-122.25118378177285
data/parquet_run_activities/2025-08-11-19-14-34.parquet,2025-08-12 02:14:34,running,trail,4887.0,1:21:27,8986.57,459.9999999999998,0.0,0.0,8986.57,459.9999999999998,9.063524793107936,141.70315057283142,63.62152209492635,233.2964402618658,38.344236463308334,-122.00176080688834
data/parquet_run_activities/2025-08-12-15-13-22.parquet,2025-08-12 22:13:22,running,trail,4330.0,1:12:10,8604.1,442.0000000000007,0.0,0.0,8604.1,442.0000000000007,8.387474188661992,160.6772108058185,66.60817363195567,253.32325098129763,38.34351109340787,-122.0034999679774
data/parquet_run_activities/2025-08-13-14-22-52.parquet,2025-08-13 21:22:52,running,trail,3887.0,1:04:47,8591.44,426.0000000000007,0.0,0.0,8591.44,426.0000000000007,7.540451115684138,166.11625514403292,69.35493827160494,283.1304012345679,38.343505058437586,-122.0035089366138
data/parquet_run_activities/2025-08-15-15-49-33.parquet,2025-08-15 22:49:33,running,trail,4740.0,1:19:00,8618.72,419.40000000000066,0.0,0.0,8618.72,419.40000000000066,9.16609426921863,165.10736131617801,59.63784011811854,214.94241721155873,38.34350363351405,-122.00349368155003
data/parquet_run_activities/2025-08-17-09-17-04.parquet,2025-08-17 16:17:04,running,trail,5843.0,1:37:23,11069.22,433.7999999999994,0.0,0.0,11069.22,433.7999999999994,8.797668971556563,157.028962611901,57.04072318764262,245.82584269662922,37.88123840466142,-122.52465385012329
data/parquet_run_activities/2025-08-18-18-02-32.parquet,2025-08-19 01:02:32,running,generic,1912.0,0:31:52,5662.08,121.80000000000098,5662.08,121.80000000000098,0.0,0.0,5.628084849854941,177.89074751698902,80.56246732880292,380.44380554103503,38.302421662956476,-121.97127976454794
data/parquet_run_activities/2025-08-20-19-35-32.parquet,2025-08-21 02:35:32,running,generic,4255.0,1:10:55,8945.16,166.6000000000024,8945.16,166.6000000000024,0.0,0.0,7.927937193595942,128.82565789473685,62.380874060150376,234.07401315789474,38.30236164852977,-121.97131739929318
data/parquet_run_activities/2025-08-27-19-08-46.parquet,2025-08-28 02:08:46,running,trail,3960.0,1:06:00,8927.48,446.39999999999986,0.0,0.0,8927.48,446.39999999999986,7.392903708549333,177.49684423125473,67.91214339813179,294.073971219389,38.34346532821655,-122.0035240240395
data/parquet_run_activities/2025-08-30-11-26-12.parquet,2025-08-30 18:26:12,running,trail,249.0,0:04:09,648.09,1.7999999999992724,0.0,0.0,648.09,1.7999999999992724,6.403431622151245,134.336,66.848,251.664,,
data/parquet_run_activities/2025-09-05-18-14-41.parquet,2025-09-06 01:14:41,running,generic,2172.0,0:36:12,5586.53,118.39999999999941,5586.53,118.39999999999941,0.0,0.0,6.479872120976707,152.2374597330879,77.27841693511274,331.8633225954901,38.30243021249771,-121.97126174345613
data/parquet_run_activities/2025-09-07-17-20-04.parquet,2025-09-08 00:20:04,running,trail,7686.0,2:08:05,16134.36,538.3999999999992,0.0,0.0,16134.36,538.3999999999992,7.93957739879363,169.4710550279693,65.95563939117991,263.24652009886825,38.343487959355116,-122.00348747894168
data/parquet_run_activities/2025-09-08-18-56-03.parquet,2025-09-09 01:56:03,running,generic,3993.0,1:06:33,8674.88,192.60000000000025,8674.88,192.60000000000025,0.0,0.0,7.67157586041536,143.63327415673345,65.75171189449658,255.22983257229833,38.3024428691715,-121.97130222804844
data/parquet_run_activities/2025-09-09-16-57-50.parquet,2025-09-09 23:57:50,running,trail,3949.0,1:05:49,8951.67,468.8000000000012,0.0,0.0,8951.67,468.8000000000012,7.352445595812475,164.87645569620253,65.19924050632912,289.75518987341775,38.34348225966096,-122.0034809410572
data/parquet_run_activities/2025-09-11-15-20-26.parquet,2025-09-11 22:20:26,running,trail,8910.0,2:28:30,16835.22,747.2000000000008,0.0,0.0,16835.22,747.2000000000008,8.82079355066343,155.28171390013495,64.80971659919028,242.12338319649083,38.37613572366536,-122.02562056481838
data/parquet_run_activities/2025-09-14-14-57-35.parquet,2025-09-14 21:57:35,running,trail,11487.0,3:11:27,20712.24,1258.800000000001,0.0,0.0,20712.24,1258.800000000001,9.243326651294113,159.33817896935932,58.28307799442897,223.28554017585097,38.33250087685883,-122.0093094650656
data/parquet_run_activities/2025-09-15-18-09-14.parquet,2025-09-16 01:09:14,running,trail,6645.0,1:50:45,8693.34,354.1999999999996,0.0,0.0,8693.34,354.1999999999996,12.739637469603165,102.98435148961782,48.567709900692144,135.51775504062593,38.34345987997949,-122.00347851030529
data/parquet_run_activities/2025-09-16-19-03-05.parquet,2025-09-17 02:03:05,running,generic,4708.0,1:18:28,11452.49,160.6000000000006,11452.49,160.6000000000006,0.0,0.0,6.851494012801292,150.26035251645786,72.60331280526651,297.1352728817159,38.302428871393204,-121.9713148009032
data/parquet_run_activities/2025-09-17-18-15-40.parquet,2025-09-18 01:15:40,running,trail,4266.0,1:11:06,8943.09,423.80000000000064,0.0,0.0,8943.09,423.80000000000064,7.950272221346315,153.05179282868525,64.31403796578392,270.3433325521444,38.34349508397281,-122.00350415892899
data/parquet_run_activities/2025-09-18-16-08-45.parquet,2025-09-18 23:08:45,running,generic,6477.0,1:47:57,16206.43,210.00000000000182,16206.43,210.00000000000182,0.0,0.0,6.6609364307870385,169.67381907996295,76.28110527940723,315.05433775856744,38.323801048099995,-121.96851792745292
data/parquet_run_activities/2025-09-22-18-51-50.parquet,2025-09-23 01:51:50,running,generic,4652.0,1:17:32,10484.99,145.20000000000027,10484.99,145.20000000000027,0.0,0.0,7.39469788081184,146.5418009886095,73.73049645390071,278.41629056522675,38.30243985168636,-121.97122234851122
data/parquet_run_activities/2025-09-25-17-36-14.parquet,2025-09-26 00:36:14,running,trail,5918.0,1:38:38,8608.87,432.79999999999905,0.0,0.0,8608.87,432.79999999999905,11.45717537067389,108.79591147153235,53.36188545362392,159.64419665484036,38.34349793381989,-122.00350675731897
data/parquet_run_activities/2025-09-26-15-49-54.parquet,2025-09-26 22:49:54,running,trail,4314.0,1:11:54,8726.71,382.4000000000002,0.0,0.0,8726.71,382.4000000000002,8.239072915222346,167.13418308227114,68.34739281575898,264.9800695249131,38.3435164578259,-122.00350281782448
data/parquet_run_activities/2025-09-30-17-54-12.parquet,2025-10-01 00:54:12,running,trail,7923.0,2:12:02,14924.84,329.8000000000005,0.0,0.0,14924.84,329.8000000000005,8.8476660386309,158.54400881750905,69.42150842387025,302.59788943140654,37.98445349559188,-122.57317802868783
data/parquet_run_activities/2025-10-03-11-43-40.parquet,2025-10-03 18:43:40,running,trail,8713.0,2:25:13,17938.76,745.6000000000001,0.0,0.0,17938.76,745.6000000000001,8.095134037506867,157.40176727105808,65.18384209318339,268.2538443883406,38.25585449114442,-122.13984847068787
data/parquet_run_activities/2025-10-03-17-13-30.parquet,2025-10-04 00:13:30,running,trail,3933.0,1:05:33,6050.04,131.40000000000077,0.0,0.0,6050.04,131.40000000000077,10.834639109824067,109.10244026436197,53.75241484494153,141.86807320793085,38.343530958518386,-122.00349929742515
data/parquet_run_activities/2025-10-06-17-54-33.parquet,2025-10-07 00:54:33,running,trail,4260.0,1:11:00,10464.62,353.9999999999998,0.0,0.0,10464.62,353.9999999999998,6.78476619313458,170.40952827974652,72.34592818587186,317.69631541891573,38.3434905577451,-122.00350298546255
data/parquet_run_activities/2025-10-07-17-07-11.parquet,2025-10-08 00:07:11,running,trail,4265.0,1:11:05,9883.18,242.7999999999996,0.0,0.0,9883.18,242.7999999999996,7.192354417640205,155.8570089076418,74.41608063759962,292.96319737458975,38.34350924938917,-122.00349401682615
data/parquet_run_activities/2025-10-09-08-53-54.parquet,2025-10-09 15:53:54,running,trail,15373.0,4:16:12,32425.84,1271.7999999999956,0.0,0.0,32425.84,1271.7999999999956,7.9016200248526065,159.696370495642,67.42363730974373,272.3211474663371,38.37614519521594,-122.02561922371387
data/parquet_run_activities/2025-10-11-11-53-44.parquet,2025-10-11 18:53:44,running,generic,4584.0,1:16:24,10336.69,152.4000000000009,10336.69,152.4000000000009,0.0,0.0,7.3911474562940365,144.4050163576881,75.66935659760087,285.2844056706652,38.30239903181791,-121.97125839069486
data/parquet_run_activities/2025-10-13-10-51-22.parquet,2025-10-13 17:51:22,running,trail,4384.0,1:13:04,10485.3,431.4,0.0,0.0,10485.3,431.4,6.968486039185019,163.74025085518815,74.4145952109464,322.503078677309,38.343491312116385,-122.00350306928158
data/parquet_run_activities/2025-10-14-12-15-55.parquet,2025-10-14 19:15:55,running,generic,3417.0,0:56:57,10327.65,140.59999999999945,10327.65,140.59999999999945,0.0,0.0,5.514323200340833,165.29549444119368,82.734640140433,380.52077238150963,38.302558958530426,-121.97125805541873
data/parquet_run_activities/2025-10-15-11-02-18.parquet,2025-10-15 18:02:18,running,trail,3685.0,1:01:24,8716.52,307.1999999999997,0.0,0.0,8716.52,307.1999999999997,7.046007657490221,155.47965274009766,77.20971242539338,323.4875203472599,38.34350656718016,-122.00352368876338
data/parquet_run_activities/2025-10-16-13-33-30.parquet,2025-10-16 20:33:30,running,generic,1956.0,0:32:36,5225.9,82.80000000000018,5225.9,82.80000000000018,0.0,0.0,6.238159934174019,149.6315789473684,79.87072049054676,344.92284108329073,38.30253850668669,-121.97128772735596
data/parquet_run_activities/2025-10-17-14-42-06.parquet,2025-10-17 21:42:06,running,trail,9399.0,2:36:39,21240.6,529.4000000000009,0.0,0.0,21240.6,529.4000000000009,7.375027070798377,158.01382978723404,74.72553191489362,294.72202127659574,38.34352123551071,-122.00352008454502
data/parquet_run_activities/2025-10-19-09-10-44.parquet,2025-10-19 16:10:44,running,trail,4700.0,1:18:20,11003.07,365.6000000000003,0.0,0.0,11003.07,365.6000000000003,7.11922521017619,147.34779834077855,67.57711125292491,303.1631567751542,37.88120881654322,-122.52460942603648
data/parquet_run_activities/2025-10-20-10-56-35.parquet,2025-10-20 17:56:35,running,trail,5588.0,1:33:08,13510.27,437.8000000000011,0.0,0.0,13510.27,437.8000000000011,6.893521249637004,156.7978171408123,75.10127035247808,319.1134371086062,38.34346457384527,-122.00351119972765
data/parquet_run_activities/2025-10-22-07-18-51.parquet,2025-10-22 14:18:51,running,trail,5097.0,1:24:57,13508.88,534.800000000001,0.0,0.0,13508.88,534.800000000001,6.288456185857007,160.42938407218517,78.35817967830522,351.1473126716359,38.34349659271538,-122.00349569320679
data/parquet_run_activities/2025-10-23-12-01-30.parquet,2025-10-23 19:01:30,running,generic,8616.0,2:23:36,21382.73,344.79999999999814,21382.73,344.79999999999814,0.0,0.0,6.715700006500574,157.40501334571198,77.9740048740861,315.910641754671,38.30245074816048,-121.97125830687582
data/parquet_run_activities/2025-10-28-09-04-19.parquet,2025-10-28 16:04:19,running,trail,5684.0,1:34:44,13484.7,402.4000000000003,0.0,0.0,13484.7,402.4000000000003,7.025245895966044,158.68222387504647,74.21123094087021,322.44820531895107,38.343503130599856,-122.0035176537931
data/parquet_run_activities/2025-10-29-12-46-16.parquet,2025-10-29 19:46:16,running,generic,4497.0,1:14:57,11219.22,186.39999999999998,11219.22,186.39999999999998,0.0,0.0,6.680500070414878,152.65006669630947,78.37038683859492,322.4475322365496,38.30249550752342,-121.97126191109419
data/parquet_run_activities/2025-10-30-11-00-44.parquet,2025-10-30 18:00:44,running,generic,2450.0,0:40:50,7597.93,99.60000000000014,7597.93,99.60000000000014,0.0,0.0,5.374270799195745,165.17258261933904,81.80375356997143,392.01019991840064,38.30236273817718,-121.97120307013392
data/parquet_run_activities/2025-11-02-13-51-41.parquet,2025-11-02 21:51:41,running,trail,5312.0,1:28:32,11651.82,353.79999999999916,0.0,0.0,11651.82,353.79999999999916,7.598240732635187,147.6858648597779,69.96386222473178,281.4718614718615,38.34350296296179,-122.00348513200879
data/parquet_run_activities/2025-11-04-08-42-08.parquet,2025-11-04 16:42:08,running,trail,3636.0,1:00:36,8934.13,415.4000000000008,0.0,0.0,8934.13,415.4000000000008,6.782977189720768,164.02749518834204,73.33654110530657,317.3381908166071,38.343504555523396,-122.00352972373366
data/parquet_run_activities/2025-11-18-07-39-41.parquet,2025-11-17 23:39:41,running,treadmill,1953.0,0:32:33,4335.54,,4335.54,,0.0,0.0,7.507715301900109,168.61975435005118,77.67604912998976,258.4779938587513,,
data/parquet_run_activities/2025-12-03-09-54-09.parquet,2025-12-03 17:54:09,running,generic,2835.0,0:47:15,7321.39,238.7999999999986,7321.39,238.7999999999986,0.0,0.0,6.453692536526534,160.63575458392103,80.15796897038082,320.3822284908322,38.30254269763827,-121.97124615311623
data/parquet_run_activities/2025-12-05-09-58-35.parquet,2025-12-05 17:58:35,running,trail,3701.0,1:01:41,8659.54,306.00000000000045,0.0,0.0,8659.54,306.00000000000045,7.123165125784201,163.15235008103727,74.62101566720692,294.11615343057804,38.34345141425729,-122.0034915022552
data/parquet_run_activities/2025-12-09-18-03-36.parquet,2025-12-10 02:03:36,running,generic,3418.0,0:56:58,9230.97,110.6000000000007,9230.97,110.6000000000007,0.0,0.0,6.171254664099945,167.3097396899678,79.90611289850834,323.80520620064345,38.30253406427801,-121.97123718447983
data/parquet_run_activities/2025-12-10-18-55-32.parquet,2025-12-11 02:55:32,running,generic,3454.0,0:57:34,9674.96,125.80000000000064,9674.96,125.80000000000064,0.0,0.0,5.950067666085097,165.96121562952243,81.8958031837916,336.07698986975396,38.30248880200088,-121.97125034406781
data/parquet_run_activities/2025-12-11-15-43-10.parquet,2025-12-11 23:43:10,running,trail,3867.0,1:04:27,8676.62,312.9999999999999,0.0,0.0,8676.62,312.9999999999999,7.428007680410112,157.14503619441572,73.66907962771458,280.5542916235781,38.343469770625234,-122.00350474566221
data/parquet_run_activities/2025-12-13-14-36-44.parquet,2025-12-13 22:36:44,running,generic,8847.0,2:27:27,22611.79,313.4000000000018,22611.79,313.4000000000018,0.0,0.0,6.520934432877715,162.92834538878841,77.4116184448463,305.9962703435805,38.35481978952885,-121.9413033965975
data/parquet_run_activities/2025-12-15-13-40-23.parquet,2025-12-15 21:40:23,running,trail,4558.0,1:15:58,11724.23,349.1999999999995,0.0,0.0,11724.23,349.1999999999995,6.479458921111806,163.983110331213,74.24281640710682,313.1024347444615,38.34350673481822,-122.00346685945988
data/parquet_run_activities/2025-12-16-16-25-24.parquet,2025-12-17 00:25:24,running,generic,3295.0,0:54:55,8715.75,121.19999999999982,8715.75,121.19999999999982,0.0,0.0,6.300853818279169,153.77760922330097,73.94902912621359,302.2214805825243,38.304042387753725,-121.97215642780066
data/parquet_run_activities/2025-12-17-07-51-57.parquet,2025-12-17 15:51:57,running,trail,3837.0,1:03:57,8678.33,316.0000000000001,0.0,0.0,8678.33,316.0000000000001,7.368929275563386,155.4822824387702,71.79260031266284,278.27696717040124,38.343484941869974,-122.00350239872932
data/parquet_run_activities/2025-12-18-13-14-35.parquet,2025-12-18 21:14:35,running,generic,4176.0,1:09:36,10257.46,148.39999999999964,10257.46,148.39999999999964,0.0,0.0,6.78530552397962,155.2554464926981,79.27076849413454,297.5518314579842,38.30251109786332,-121.97124447673559
data/parquet_run_activities/2025-12-26-14-03-02.parquet,2025-12-26 22:03:02,running,trail,2754.0,0:45:54,5690.69,299.99999999999966,0.0,0.0,5690.69,299.99999999999966,8.065805728303598,149.92740471869328,65.9038112522686,258.6330308529946,38.34348234347999,-122.00348890386522
data/parquet_run_activities/2025-12-29-08-35-01.parquet,2025-12-29 16:35:01,running,trail,3870.0,1:04:30,8661.05,332.4000000000002,0.0,0.0,8661.05,332.4000000000002,7.44713400800134,151.1374321880651,68.7904934125549,269.428829759752,38.34348075091839,-122.00352016836405
data/parquet_run_activities/2025-12-31-10-54-46.parquet,2025-12-31 18:54:46,running,trail,3386.0,0:56:26,8684.14,313.2000000000005,0.0,0.0,8684.14,313.2000000000005,6.498436613566034,171.07528786536759,77.80366105698258,333.1845290817833,38.34346658550203,-122.00351974926889
data/parquet_run_activities/2026-01-01-18-49-46.parquet,2026-01-02 02:49:46,running,generic,797.0,0:13:17,1674.31,40.20000000000016,1674.31,40.20000000000016,0.0,0.0,7.9336164350289575,136.65162907268171,74.57142857142857,268.9323308270677,45.401139445602894,-122.49907747842371
data/parquet_run_activities/2026-01-05-16-37-18.parquet,2026-01-06 00:37:18,running,generic,1949.0,0:32:29,5582.87,76.20000000000107,5582.87,76.20000000000107,0.0,0.0,5.818393287562372,164.22,80.74512820512821,345.9215384615385,38.302596090361476,-121.97136081755161
data/parquet_run_activities/2026-01-06-18-02-59.parquet,2026-01-07 02:02:59,running,generic,3614.0,1:00:14,10232.55,130.60000000000105,10232.55,130.60000000000105,0.0,0.0,5.8864440763380905,164.68437067773166,80.77925311203319,339.5409518539015,38.30430122092366,-121.97229062207043
data/parquet_run_activities/2026-01-07-11-57-50.parquet,2026-01-07 19:57:50,running,trail,3404.0,0:56:44,8672.66,307.00000000000034,0.0,0.0,8672.66,307.00000000000034,6.54163005736802,175.40117474302497,77.68957415565345,333.5729809104258,38.343440517783165,-122.0034550409764
data/parquet_run_activities/2026-01-09-12-25-28.parquet,2026-01-09 20:25:28,running,generic,3617.0,1:00:17,8875.76,220.20000000000005,8875.76,220.20000000000005,0.0,0.0,6.791906646116314,140.34671836056495,73.81694821379119,288.40138504155124,38.3024478983134,-121.97126685641706
data/parquet_run_activities/2026-01-11-10-56-48.parquet,2026-01-11 18:56:48,running,trail,6530.0,1:48:50,16260.79,396.19999999999993,0.0,0.0,16260.79,396.19999999999993,6.692991750913291,152.35354463328738,75.39595774000918,305.64737406216506,38.343466417863965,-122.00356962159276
data/parquet_run_activities/2026-01-12-16-42-47.parquet,2026-01-13 00:42:47,running,generic,3376.0,0:56:16,8849.22,124.79999999999995,8849.22,124.79999999999995,0.0,0.0,6.3583758417879395,149.04836795252226,73.4753709198813,299.0145443751855,38.302636155858636,-121.97119913063943
data/parquet_run_activities/2026-01-13-12-38-59.parquet,2026-01-13 20:38:59,running,generic,4107.0,1:08:27,9005.58,160.39999999999907,9005.58,160.39999999999907,0.0,0.0,7.600843032875173,136.74168194917473,71.46843070474195,272.30728893550076,38.302529538050294,-121.97125319391489
data/parquet_run_activities/2026-01-14-12-12-34.parquet,2026-01-14 20:12:34,running,generic,4524.0,1:15:24,10734.75,170.7999999999994,10734.75,170.7999999999994,0.0,0.0,7.023917650620647,140.60950276243094,72.93701657458564,274.58718232044197,38.30244529992342,-121.97126417420805
data/parquet_run_activities/2026-01-16-08-14-26.parquet,2026-01-16 16:14:26,running,trail,4281.0,1:11:21,10479.81,365.80000000000007,0.0,0.0,10479.81,365.80000000000007,6.808329540325636,164.1436244745446,75.72022419430172,309.82695002335356,38.343473207205534,-122.00349669903517
data/parquet_run_activities/2026-01-16-12-45-44.parquet,2026-01-16 20:45:44,running,generic,1764.0,0:29:24,3248.25,77.59999999999991,3248.25,77.59999999999991,0.0,0.0,9.05102747633341,124.5528409090909,61.29659090909091,191.1716884593519,38.30242099240422,-121.9712836202234
data/parquet_run_activities/2026-01-18-10-04-34.parquet,2026-01-18 18:04:34,running,trail,6040.0,1:40:40,14771.08,407.9999999999976,0.0,0.0,14771.08,407.9999999999976,6.815118912541715,162.25674557192517,75.27197483860289,299.35523919880814,38.34343674592674,-122.00352259911597
data/parquet_run_activities/2026-01-19-14-32-38.parquet,2026-01-19 22:32:38,running,generic,4689.0,1:18:09,11232.22,181.20000000000095,11232.22,181.20000000000095,0.0,0.0,6.957662866290013,136.345842217484,72.94712153518124,275.1688699360341,38.30243549309671,-121.97126174345613
data/parquet_run_activities/2026-01-21-11-37-59.parquet,2026-01-21 19:37:59,running,trail,5467.0,1:31:07,13632.03,403.4000000000002,0.0,0.0,13632.03,403.4000000000002,6.684013068241977,158.47110460863203,75.88551572787125,309.2064740307242,38.34352291189134,-122.00347926467657
data/parquet_run_activities/2026-01-23-10-44-35.parquet,2026-01-23 18:44:35,running,trail,6233.0,1:43:53,16694.66,427.6000000000005,0.0,0.0,16694.66,427.6000000000005,6.222548607359079,160.8339749759384,77.4725697786333,331.8729547641963,38.34349147975445,-122.00345520861447
data/parquet_run_activities/2026-01-24-08-18-49.parquet,2026-01-24 16:18:49,running,trail,14590.0,4:03:10,25408.89,1012.3999999999993,0.0,0.0,25408.89,1012.3999999999993,9.570141264205823,137.15557535467067,59.2291823726955,199.20211089027484,37.88125609047711,-122.52467354759574
data/parquet_run_activities/2026-01-26-11-49-25.parquet,2026-01-26 19:49:25,running,generic,4050.0,1:07:30,9504.73,197.39999999999998,9504.73,197.39999999999998,0.0,0.0,7.101727245276825,135.32436435448037,72.93063441125648,272.79264379165636,38.3024219982326,-121.9713203329593
data/parquet_run_activities/2026-01-27-11-49-16.parquet,2026-01-27 19:49:16,running,trail,4721.0,1:18:41,11745.4,345.9999999999999,0.0,0.0,11745.4,345.9999999999999,6.699076517899206,153.77975434138077,73.06077933079203,301.8797119864464,38.34349491633475,-122.00351865962148
data/parquet_run_activities/2026-01-28-11-48-18.parquet,2026-01-28 19:48:18,running,trail,4138.0,1:08:58,10604.9,419.20000000000084,0.0,0.0,10604.9,419.20000000000084,6.503283073547762,165.2635902391882,76.64266731094467,329.28750906015944,,
data/parquet_run_activities/2026-01-29-12-14-43.parquet,2026-01-29 20:14:43,running,generic,4740.0,1:19:00,11227.02,230.80000000000064,11227.02,230.80000000000064,0.0,0.0,7.036595641586101,140.26282457251426,73.67173316445007,278.2339527027027,38.30234404653311,-121.97134908288717
data/parquet_run_activities/2026-01-30-13-34-55.parquet,2026-01-30 21:34:55,running,trail,7490.0,2:04:50,16776.82,521.6000000000001,0.0,0.0,16776.82,521.6000000000001,7.440822118454709,146.7369826435247,72.83831775700935,274.61295060080107,38.343484522774816,-122.00351798906922
data/parquet_run_activities/2026-02-01-17-17-25.parquet,2026-02-02 01:17:25,running,generic,1629.0,0:27:09,5651.68,75.4000000000002,5651.68,75.4000000000002,0.0,0.0,4.80388132378337,171.99447852760736,83.39141104294478,416.68957055214725,38.30252677202225,-121.97125017642975
data/parquet_run_activities/2026-02-02-20-01-18.parquet,2026-02-03 04:01:18,running,generic,3951.0,1:05:50,8548.29,127.79999999999939,8548.29,127.79999999999939,0.0,0.0,7.703295044973905,129.8676743569345,69.39830283744365,257.3767577606792,38.30244429409504,-121.97127087973058
data/parquet_run_activities/2026-02-04-12-49-10.parquet,2026-02-04 20:49:10,running,generic,5040.0,1:24:00,11240.42,215.00000000000148,11240.42,215.00000000000148,0.0,0.0,7.473030367192685,138.4003173973418,71.33465582225749,259.7946835945249,38.30239199101925,-121.97129460051656
data/parquet_run_activities/2026-02-06-11-41-40.parquet,2026-02-06 19:41:40,running,generic,6040.0,1:40:40,16179.17,193.39999999999827,16179.17,193.39999999999827,0.0,0.0,6.221992022252481,164.19119351100812,76.45422943221321,317.43535838437344,38.3023892249912,-121.97121731936932
data/parquet_run_activities/2026-02-07-07-21-03.parquet,2026-02-07 15:21:03,running,trail,3550.0,0:59:10,9678.26,186.9999999999991,0.0,0.0,9678.26,186.9999999999991,6.113357841871026,159.22754153759504,80.4607152914672,333.2390875809631,38.343466920778155,-122.00350692495704
data/parquet_run_activities/2026-02-08-06-48-59.parquet,2026-02-08 14:48:59,running,generic,4019.0,1:06:59,11396.28,160.99999999999943,11396.28,160.99999999999943,0.0,0.0,5.877648963813923,152.1099502487562,81.23731343283582,342.68009950248756,38.30257027409971,-121.97125755250454
data/parquet_run_activities/2026-02-09-12-04-06.parquet,2026-02-09 20:04:06,running,generic,4726.0,1:18:46,10605.78,274.60000000000116,10605.78,274.60000000000116,0.0,0.0,7.426767919631244,129.44425639940766,71.29849799026867,264.14808546646924,38.30233625136316,-121.97130591608584
data/parquet_run_activities/2026-02-10-11-55-12.parquet,2026-02-10 19:55:12,running,trail,6965.0,1:56:05,16982.95,556.6,0.0,0.0,16982.95,556.6,6.835286763096712,151.43181165661787,75.31481481481481,306.0732127476314,38.34350296296179,-122.00351128354669
data/parquet_run_activities/2026-02-11-09-22-36.parquet,2026-02-11 17:22:36,running,generic,4326.0,1:12:06,11405.71,167.8000000000011,11405.71,167.8000000000011,0.0,0.0,6.321395160844875,149.15253062167784,80.94499653339496,321.84954934134504,38.302587708458304,-121.97124824859202
data/parquet_run_activities/2026-02-12-14-39-01.parquet,2026-02-12 22:39:01,running,generic,6148.0,1:42:28,16122.23,192.20000000000027,16122.23,192.20000000000027,0.0,0.0,6.355613749876207,153.68255000813141,78.17189786957229,312.7193039518621,38.30220012925565,-121.97112402878702
data/parquet_run_activities/2026-02-14-05-58-23.parquet,2026-02-14 12:58:23,running,generic,2775.0,0:46:15,7411.37,65.99999999999795,7411.37,65.99999999999795,0.0,0.0,6.24041169176549,145.5655619596542,80.09510086455332,313.0493515850144,33.37502189911902,-111.7684714961797
data/parquet_run_activities/2026-02-17-13-47-53.parquet,2026-02-17 21:47:53,running,trail,3430.0,0:57:10,8911.09,418.99999999999943,0.0,0.0,8911.09,418.99999999999943,6.415227168243915,157.9801807053337,79.94695424074614,344.9146021568056,38.34349072538316,-122.00349259190261
data/parquet_run_activities/2026-02-18-13-01-32.parquet,2026-02-18 21:01:32,running,generic,3637.0,1:00:37,11402.96,197.7999999999996,11402.96,197.7999999999996,0.0,0.0,5.3158712006940885,167.4370533260033,83.782572842221,379.3919736118747,38.30241973511875,-121.97127666324377
data/parquet_run_activities/2026-02-19-14-22-54.parquet,2026-02-19 22:22:54,running,generic,2618.0,0:43:38,7296.03,172.4000000000001,7296.03,172.4000000000001,0.0,0.0,5.980421315884574,150.07140129820542,82.24933180603284,340.823596792669,38.30246206372976,-121.97126526385546
data/parquet_run_activities/2026-02-20-11-44-41.parquet,2026-02-20 19:44:41,running,trail,4114.0,1:08:34,10977.13,333.39999999999895,0.0,0.0,10977.13,333.39999999999895,6.246320000461566,166.40267314702308,81.07703523693803,340.3693803159174,38.34353665821254,-122.00354187749326
data/parquet_run_activities/2026-02-21-09-57-27.parquet,2026-02-21 17:57:27,running,trail,7228.0,2:00:28,15654.33,664.0000000000005,0.0,0.0,15654.33,664.0000000000005,7.695421437178509,146.3209295891548,68.70383178862913,271.3317194632729,38.376120049506426,-122.02561050653458
data/parquet_run_activities/2026-02-21-17-53-12.parquet,2026-02-22 01:53:12,running,generic,4811.0,1:20:11,13050.14,136.6000000000015,13050.14,136.6000000000015,0.0,0.0,6.144250815189212,157.48420615128845,81.8445552784705,321.0133000831255,38.29342628829181,-121.9576967228204
data/parquet_run_activities/2026-02-22-18-20-19.parquet,2026-02-23 02:20:19,running,generic,2086.0,0:34:46,5593.06,77.40000000000009,5593.06,77.40000000000009,0.0,0.0,6.2160367789129145,149.55582175371347,81.25299472927648,323.46574029707716,38.30258058384061,-121.97130625136197
data/parquet_run_activities/2026-02-23-15-17-25.parquet,2026-02-23 23:17:25,running,generic,4153.0,1:09:13,11427.42,164.80000000000052,11427.42,164.80000000000052,0.0,0.0,6.05706858299307,148.99759268175254,80.71954742416948,332.802840635532,38.30246239900589,-121.97125780396163
data/parquet_run_activities/2026-02-24-07-47-37.parquet,2026-02-24 15:47:37,running,generic,4148.0,1:09:08,11396.66,163.60000000000036,11396.66,163.60000000000036,0.0,0.0,6.066104747648287,146.23355025307302,81.6235237406604,331.56905278380333,38.3024962618947,-121.97130398824811
data/parquet_run_activities/2026-02-25-14-08-55.parquet,2026-02-25 22:08:55,running,trail,5374.0,1:29:34,11269.87,418.5999999999992,0.0,0.0,11269.87,418.5999999999992,7.947444528345638,149.79367441860464,64.38120930232559,252.94288372093024,38.344098245725036,-122.0021016150713
data/parquet_run_activities/2026-02-26-12-39-43.parquet,2026-02-26 20:39:43,running,generic,4172.0,1:09:32,11417.47,174.99999999999943,11417.47,174.99999999999943,0.0,0.0,6.0900824204778585,162.8332135154565,82.19434459621375,331.07069254732806,38.30252685584128,-121.9712598156184
data/parquet_run_activities/2026-02-27-07-23-30.parquet,2026-02-27 15:23:30,running,generic,4388.0,1:13:08,11431.42,160.6000000000023,11431.42,160.6000000000023,0.0,0.0,6.3975720718277636,148.63271815903394,81.1742993848257,315.1125541125541,38.302454855293036,-121.97125813923776
data/parquet_run_activities/2026-03-01-07-44-38.parquet,2026-03-01 15:44:38,running,generic,5873.0,1:37:53,16212.03,241.59999999999945,16212.03,241.59999999999945,0.0,0.0,6.037697520503807,151.21382362955396,80.94875723527409,332.5180456247872,38.302503721788526,-121.97125864215195
data/parquet_run_activities/2026-03-02-12-02-57.parquet,2026-03-02 20:02:57,running,generic,4933.0,1:22:13,12100.4,154.39999999999952,12100.4,154.39999999999952,0.0,0.0,6.794541227287252,137.85995135792461,73.09404134576408,280.8792055127685,38.302618553861976,-121.97122511453927
data/parquet_run_activities/2026-03-03-13-18-45.parquet,2026-03-03 21:18:45,running,generic,4410.0,1:13:30,11299.04,187.00000000000102,11299.04,187.00000000000102,0.0,0.0,6.504977414010393,149.28905010201768,78.99750623441396,310.17252323736113,38.30247597768903,-121.97127951309085
data/parquet_run_activities/2026-03-04-12-37-29.parquet,2026-03-04 20:37:29,running,generic,4246.0,1:10:46,11415.82,258.3999999999994,11415.82,258.3999999999994,0.0,0.0,6.1989998674354245,151.30091829526725,80.19095832352248,331.7407581822463,38.30246575176716,-121.9712598156184
